key,company,domain,date,outcome
plausibleanalytics,Plausible Analytics,plausible.io,2026-07-12,qualified
tally,Tally,tally.so,2026-07-12,qualified
txtcart,TxtCart,txtcartapp.com,2026-07-12,qualified
balsamiq,Balsamiq,balsamiq.com,2026-07-12,qualified
gravityformsrocketgenius,Gravity Forms (Rocketgenius),www.gravityforms.com,2026-07-12,qualified
memberpresscaseproof,MemberPress (Caseproof),memberpress.com,2026-07-12,qualified
judgeme,Judge.me,judge.me,2026-07-12,qualified
buzzsprouthigherpixels,Buzzsprout (Higher Pixels),www.buzzsprout.com,2026-07-12,qualified
fathomanalytics,Fathom Analytics,usefathom.com,2026-07-12,qualified
chatbase,Chatbase,www.chatbase.co,2026-07-12,qualified
publer,Publer,publer.com,2026-07-12,qualified
signwell,SignWell,www.signwell.com,2026-07-12,qualified
contentstudio,ContentStudio,contentstudio.io,2026-07-12,qualified
barn2plugins,Barn2 Plugins,barn2.com,2026-07-12,qualified
zipifyapps,Zipify Apps,zipify.com,2026-07-12,qualified
testimonialto,Testimonial.to,testimonial.to,2026-07-12,rejected: Below MRR bar: ~$50k MRR as of 2025 (< $80k)
hypefury,Hypefury,hypefury.com,2026-07-12,rejected: Below MRR bar: ~$70k MRR reported 2025 (< $80k)
mailmeteor,Mailmeteor,mailmeteor.com,2026-07-12,rejected: Below MRR bar: $770k est. ARR (~$64k MRR)
wpfusionverygoodplugins,WP Fusion (Very Good Plugins),wpfusion.com,2026-07-12,rejected: Below MRR bar: ~$800k/yr per own transparency report (~$67k MRR)
markerio,Marker.io,marker.io,2026-07-12,rejected: LOW CONFIDENCE: $492k rev 2024 vs unverified '$1M 2026' claim — likely below bar
lifterlms,LifterLMS,lifterlms.com,2026-07-12,rejected: Below MRR bar: $750k ARR reported (~$62k MRR)
screenstudio,Screen Studio,screen.studio,2026-07-12,rejected: LOW CONFIDENCE: no verifiable current revenue signal found (only 2023 anecdotes)
socialbee,SocialBee,socialbee.com,2026-07-12,rejected: Acquired by WebPros (Aug 2024) — no longer independent/bootstrapped
metricool,Metricool,metricool.com,2026-07-12,rejected: Raised ~€5M (Axon) and acquired by team.blue (Jul 2024) — funding profile out of scope
betterpic,BetterPic,www.betterpic.io,2026-07-12,rejected: Raised $2.5M seed Aug 2025 — raise within last 12 months (funded pipeline's territory)
thrivecart,ThriveCart,thrivecart.com,2026-07-12,"rejected: Raised $35M (LTV SaaS Growth Fund, 2023) — exceeds $5M hard cap"
gymdesk,Gymdesk,gymdesk.com,2026-07-12,rejected: $32.5M majority buyout; founder stepped down as CEO — no longer bootstrapped/founder-led
sendible,Sendible,www.sendible.com,2026-07-12,rejected: PE-owned since 2021 (ASG / Alpine Investors) — not independent
accuranker,AccuRanker,www.accuranker.com,2026-07-12,rejected: PE investment (VaekstPartner Kapital 2019) — funding profile out of scope; ~$1.8M/yr also borderline
seranking,SE Ranking,seranking.com,2026-07-12,"rejected: PE/VC-backed, 215 employees, acquired Planable 2025 — too large and funded"
snovio,Snov.io,snov.io,2026-07-12,rejected: 206 employees — too large; would have in-house creative team
fastmail,Fastmail,www.fastmail.com,2026-07-12,rejected: 650+ employees (est.) — too large for ICP
metorik,Metorik,metorik.com,2026-07-12,rejected: Solo-run business — team too small (1-2)
slicktext,SlickText,www.slicktext.com,2026-07-12,rejected: LOW CONFIDENCE: no revenue signals found; ownership includes an investment group
keywordseverywhere,Keywords Everywhere,keywordseverywhere.com,2026-07-12,rejected: LOW CONFIDENCE: no findable revenue signals
bricksbuilder,Bricks Builder,bricksbuilder.io,2026-07-12,rejected: LOW CONFIDENCE: bootstrapped but no findable revenue signals
vitals,Vitals,vitals.app,2026-07-12,rejected: LOW CONFIDENCE: could not verify revenue or funding status this run
tella,Tella,www.tella.com,2026-07-12,rejected: Raised $2.1M seed recently ($3.5M total incl. YC) — likely within 12-month exclusion window
castos,Castos,castos.com,2026-07-12,"rejected: ICP + revenue fit ($3.6M ARR, TinySeed) but no confirmed-active social — X dormant since Dec 2023"
waalaxy,Waalaxy,www.waalaxy.com,2026-07-12,"rejected: No active X/IG found (LinkedIn-first company; LinkedIn can't qualify) + 50+ staff, likely in-house creative"
emailoctopus,EmailOctopus,emailoctopus.com,2026-07-12,rejected: Revenue fit but no confirmed-active social — X stale since ~2020
missive,Missive,missiveapp.com,2026-07-12,rejected: Revenue fit ($8M ARR bootstrapped) but no confirmed-active social — newest indexed X activity Mar 2025
ghost,Ghost,ghost.org,2026-07-12,"rejected: Revenue fit (~$6-10M ARR, no investors) but X activity unconfirmed (newest indexed Aug 2025; active mainly on ActivityPub, outside our qualification channels)"
originalityai,Originality.ai,originality.ai,2026-07-12,qualified
senja,Senja,senja.io,2026-07-12,qualified
beaverbuilder,Beaver Builder,www.wpbeaverbuilder.com,2026-07-12,qualified
dubsado,Dubsado,www.dubsado.com,2026-07-12,qualified
skedsocial,Sked Social,skedsocial.com,2026-07-12,qualified
ameliatmsmelograno,Amelia (TMS / Melograno),wpamelia.com,2026-07-12,qualified
mobbin,Mobbin,mobbin.com,2026-07-12,qualified
crisp,Crisp,crisp.chat,2026-07-12,"rejected: Revenue fit ($1.4M+, bootstrapped, team 14) but no confirmed-active social — X stale since ~2023"
transistor,Transistor,transistor.fm,2026-07-12,"rejected: Revenue fit ($1M+ ARR, team 6, bootstrapped) but left X for Bluesky — no active X/IG within qualification channels"
hunterio,Hunter.io,hunter.io,2026-07-12,"rejected: Revenue fit ($8M ARR, $0 raised, 31 staff) but no confirmed-active social — X (@EmailHunter) stale for years"
canny,Canny,canny.io,2026-07-12,"rejected: Revenue fit ($3.5M ARR, bootstrapped) but no confirmed-active social — X newest indexed mid-2024"
wisepops,Wisepops,wisepops.com,2026-07-12,"rejected: Revenue fit ($10.1M ARR, $0 raised, 17 staff) but no confirmed-active social — X unindexed, IG only 18 posts"
optimonk,OptiMonk,www.optimonk.com,2026-07-12,"rejected: Revenue fit ($15M est. ARR, no funding, 47 staff) but no confirmed-active social — X stale since 2024, IG recency unverifiable"
growave,Growave,growave.io,2026-07-12,"rejected: Revenue fit ($110k/mo, bootstrapped) but no confirmed-active social — X (1.1k followers) and IG (650 followers) both low-signal, no dated activity"
appstle,Appstle,appstle.com,2026-07-12,rejected: Strong install signals (40k+ merchants) but no confirmed-active social — X posts not visible/stale
pagefly,PageFly,pagefly.io,2026-07-12,"rejected: Strong review signals (11,900+ Shopify reviews, 160k merchants) but no confirmed-active X/IG — own account stale since 2023"
cleanshotxmaketheweb,CleanShot X (MakeTheWeb),cleanshot.com,2026-07-12,rejected: LOW CONFIDENCE: no findable revenue signals; team appears very small (2 founders + few)
sealsubscriptions,Seal Subscriptions,www.sealsubscriptions.com,2026-07-12,rejected: LOW CONFIDENCE: no findable revenue or funding signals this run
tailwind,Tailwind Labs,tailwindcss.com,2026-07-12,rejected: Revenue collapsed ~80% (AI-era docs-traffic loss); laid off 75% of engineers Jan 2026 — not currently able-to-afford
tuple,Tuple,tuple.app,2026-07-12,"rejected: Revenue fit (~$2M+ ARR, 9 staff, bootstrapped) but company X stale since ~2023 (markets via creator sponsorships instead)"
olark,Olark,www.olark.com,2026-07-12,"rejected: Revenue fit ($7.2M 2024, bootstrapped) but no confirmed-active social — X accounts dormant; revenue also declining ($14.4M in 2018)"
typingmind,TypingMind,www.typingmind.com,2026-07-14,qualified
bannerbear,Bannerbear,www.bannerbear.com,2026-07-14,qualified
serpapi,SerpApi,serpapi.com,2026-07-14,qualified
buymeacoffee,Buy Me a Coffee,buymeacoffee.com,2026-07-14,qualified
flexibits,Flexibits,flexibits.com,2026-07-14,qualified
podbean,Podbean,www.podbean.com,2026-07-14,qualified
sellfy,Sellfy,sellfy.com,2026-07-14,qualified
invoiceninja,Invoice Ninja,invoiceninja.com,2026-07-14,qualified
flodesk,Flodesk,flodesk.com,2026-07-14,qualified
ecamm,Ecamm,www.ecamm.com,2026-07-14,qualified
jenniai,Jenni AI,jenni.ai,2026-07-14,qualified
scrapingbee,ScrapingBee,www.scrapingbee.com,2026-07-14,rejected: Acquired (8-figure exit announced by founders) — no longer an independent bootstrapped buyer
pixieset,Pixieset,pixieset.com,2026-07-14,rejected: PE growth investment + ~173 staff — both over the funding and team-size bars
youcanbookme,YouCanBookMe,youcanbook.me,2026-07-14,rejected: Acquired by Capacity — no longer independent
crowdin,Crowdin,crowdin.com,2026-07-14,rejected: ~120 staff — well over the 4-40 team-size sweet spot; likely has in-house creative
wedevs,weDevs,wedevs.com,2026-07-14,rejected: ~111 staff — over the team-size bar; likely in-house creative team
memtime,Memtime,www.memtime.com,2026-07-14,rejected: Raised a Series A (2023) — hard exclude
uptimerobot,UptimeRobot,uptimerobot.com,2026-07-14,rejected: PE-owned (itself part of a portfolio roll-up) — not founder-led bootstrapped
simplybookme,SimplyBook.me,simplybook.me,2026-07-14,rejected: Acquired by team.blue (2023) — no longer independent
supergrow,Supergrow,www.supergrow.ai,2026-07-14,rejected: Below MRR bar: founder-public $18-32k MRR (< $80k)
kirbycms,Kirby CMS,getkirby.com,2026-07-14,rejected: LOW CONFIDENCE: bootstrapped and long-lived but no findable revenue figure — only 1 weak signal
gempages,GemPages,gempages.net,2026-07-14,rejected: LOW CONFIDENCE: strong Shopify review counts but no independent revenue or funding signals found
craftcms,Craft CMS,craftcms.com,2026-07-14,"rejected: Revenue fit (~$10M, 8 staff, bootstrapped) but no confirmed-active social — @craftcms on X is a parody account, no real active channel found"
socialinsider,Socialinsider,www.socialinsider.io,2026-07-14,rejected: No confirmed-active social — X newest indexed Jun 2025 and sparse
matomo,Matomo,matomo.org,2026-07-14,"rejected: Revenue fit (open-source analytics, bootstrapped) but no confirmed-active social within qualification channels"
everhour,Everhour,everhour.com,2026-07-14,"rejected: Revenue fit (bootstrapped time-tracking, healthy G2 volume) but no confirmed-active social — X stale"
appsignal,AppSignal,www.appsignal.com,2026-07-14,"rejected: Revenue fit (bootstrapped APM, 10+ years) but no confirmed-active social — X stale"
paperform,Paperform,paperform.co,2026-07-14,"rejected: Revenue fit (bootstrapped forms SaaS, husband-wife founded) but no confirmed-active social — X stale"
betterproposals,Better Proposals,betterproposals.io,2026-07-14,"rejected: Borderline revenue (~$990k/yr, just under bar) AND X inactive — double fail"
sunsama,Sunsama,www.sunsama.com,2026-07-14,"rejected: Revenue fit (profitable daily-planner, YC-only funding) but no confirmed-active social — X stale"
fera,Fera,www.fera.ai,2026-07-14,"rejected: Revenue fit (Shopify reviews app, solid installs) but all socials fail the activity check"
saral,SARAL,www.getsaral.com,2026-07-14,"rejected: Funding-status conflict: founder claims bootstrapped but Tracxn lists it as funded — cannot verify bootstrapped, and confidence below bar"
headshotpro,HeadshotPro,www.headshotpro.com,2026-07-14,"rejected: Revenue fit ($300k MRR founder-public) but Danny Postma runs it solo 'without employees' — team of 1-2 is below the 4-40 sweet spot, no org to buy studio motion design"
renderforest,Renderforest,www.renderforest.com,2026-07-14,rejected: ~96 staff (over team-size bar) and funding history unverifiable; also video-maker product = in-house creative by definition
lumen5,Lumen5,lumen5.com,2026-07-14,"rejected: Revenue fit (~$7M rev, only ~$250k raised, 49 staff) but no confirmed-active social — X newest indexed ~May 2025, mostly 2017-era posts"
